city,file,topic_score,pro_max,contra_max,neutral_max,favorability,label
Toulouse Métropole,reduire_et_trier_ses_dechets_sans_edito.pdf,0.5333566665649414,0.5716433525085449,0.4243561029434204,0.4058682918548584,0.5704588515476712,unclear
Toulouse Métropole,calendrier_bennes_statiques_oct-nov_25.pdf,0.4527274966239929,0.44085803627967834,0.3150251507759094,0.3412700295448303,0.5386719374806558,unclear
Toulouse Métropole,calendrier_collecte_payante_2025.pdf,0.3217700719833374,0.47182172536849976,0.3526623249053955,0.3378540277481079,0.5287074935890442,unclear
Toulouse Métropole,guide_da_mai_2025_vdef_pap.pdf,0.5405563116073608,0.6001548767089844,0.48492929339408875,0.3264440894126892,0.5228225051505488,unclear
Toulouse Métropole,reglement_interieur_decheteries_decoset_1.pdf,0.5732437372207642,0.6757957339286804,0.5682569742202759,0.5219169855117798,0.5113062119339706,unclear
Toulouse Métropole,2023_gestiondesdechets.pdf,0.5719331502914429,0.586492657661438,0.48212820291519165,0.40195542573928833,0.5065463080322821,unclear
Toulouse Métropole,me13_dechets-a4.pdf,0.5719331502914429,0.586492657661438,0.48212820291519165,0.40195542573928833,0.5065463080322821,unclear
Toulouse Métropole,catalogue_formations_toulouse_metropole_sept_dec_2025_v2.pdf,0.4154976010322571,0.4306151270866394,0.3318434953689575,0.3138650059700012,0.4981574559170968,unclear
Toulouse Métropole,compostage_paillage_2017.pdf,0.5372354984283447,0.5793911218643188,0.48447185754776,0.41387659311294556,0.4923794866106403,unclear
Toulouse Métropole,guide_tous_acteurs_pour_environnement_1.pdf,0.593596339225769,0.6289682388305664,0.5417605042457581,0.5044571161270142,0.48082101641770975,unclear
Toulouse Métropole,6_bons_gestes_a_adopter_chez_moi_1.pdf,0.5046039819717407,0.5853358507156372,0.4991776645183563,0.4889877438545227,0.47924920522097547,unclear
Toulouse Métropole,guide_pratique_vegetaux_tm_1.pdf,0.5307482481002808,0.5642355680465698,0.4890196919441223,0.4008520543575287,0.4628921697307285,unclear
Toulouse Métropole,tsll26septoct.pdf,0.43580693006515503,0.5483498573303223,0.47612816095352173,0.4055224657058716,0.45842873346746715,unclear
Toulouse Métropole,tm_carte-distributions_09_25.pdf,0.3578856885433197,0.37358593940734863,0.30264317989349365,0.31677544116973877,0.45652420639031605,unclear
Toulouse Métropole,annuaire_dpro.pdf,0.2031322717666626,0.23240862786769867,0.16812433302402496,0.30931562185287476,0.4466305222943199,unfavorable
Toulouse Métropole,compostage.pdf,0.5209438800811768,0.5308092832565308,0.4739799201488495,0.4317290186882019,0.4356036896532725,unfavorable
Toulouse Métropole,at118_oct25.pdf,0.48471689224243164,0.5294644832611084,0.48359906673431396,0.4250536859035492,0.4195045719420224,unfavorable
Toulouse Métropole,20230417_TM_DELIBERATION_DEL-23-0329.pdf,0.6078932285308838,0.6131762266159058,0.5742425918579102,0.56880784034729,0.4094116313482164,unfavorable
Toulouse Métropole,plui-h_cr_reunion_de_synthese_14.12vf.pdf,0.5549829006195068,0.6606729030609131,0.6223483085632324,0.5430701375007629,0.4085283519632777,unfavorable
Toulouse Métropole,pluih_cahier_padd_web.pdf,0.6415891647338867,0.5948880910873413,0.5573251843452454,0.47869589924812317,0.40742452222665565,unfavorable
Toulouse Métropole,04_annexe_a_la_del-23-0877_conditions_generales_1.pdf,0.5345699787139893,0.6186318397521973,0.5911315679550171,0.6107040047645569,0.39293340092991375,unfavorable
Toulouse Métropole,charte_marches_publicsoctobre2014.pdf,0.5049085021018982,0.6183867454528809,0.5948715806007385,0.5330752730369568,0.3872446686925356,unfavorable
Toulouse Métropole,elem29septau17oct.pdf,0.30931758880615234,0.334358274936676,0.3147677779197693,0.3353821039199829,0.3816721043299833,unfavorable
Toulouse Métropole,charte_paam_a4_r_v_hd_1.pdf,0.49503427743911743,0.5388442277908325,0.5270742177963257,0.3811190724372864,0.3706615187830465,unfavorable
Toulouse Métropole,317_arr_t_du_bilan_de_la_concertation_retour_pr_fecture.pdf,0.6277943849563599,0.5915002822875977,0.5849231481552124,0.4731534719467163,0.36342317222688847,unfavorable
Toulouse Métropole,programmation_pluriannuelle_des_investissements_metropolitaine_2021-2026.pdf,0.44876283407211304,0.5505862832069397,0.5442417860031128,0.49472203850746155,0.3631003150156104,unfavorable
Toulouse Métropole,synthese_dd_v2.pdf,0.35905471444129944,0.4522576928138733,0.4464157223701477,0.31233760714530945,0.3624033218077976,unfavorable
Toulouse Métropole,tm_depliant_compostage_collectif_a5_imp_v9_sstrait_bigbang_1.pdf,0.4525010585784912,0.46782827377319336,0.46293479204177856,0.388452410697937,0.36108936672599784,unfavorable
Toulouse Métropole,cr_comite_de_suivi_ter_05032024_vdef.pdf,0.5152621269226074,0.5381419062614441,0.5361213684082031,0.4384479522705078,0.35712216935290275,unfavorable
Toulouse Métropole,Droits-a-reduction_seniors.pdf,0.30276286602020264,0.4059908390045166,0.40475502610206604,0.3461552858352661,0.35604192722311373,unfavorable
Toulouse Métropole,pcaet_livre1_diagnostic.pdf,0.6963896751403809,0.6519176959991455,0.6569094061851501,0.5381288528442383,0.3475218160337241,unfavorable
Toulouse Métropole,tm_dechets_plaquette-info-pro_v_6_bd.pdf,0.5774682760238647,0.5282283425331116,0.5334211587905884,0.5119954347610474,0.347248261100107,unfavorable
Toulouse Métropole,2022_caserneniel.pdf,0.44267842173576355,0.5035343170166016,0.5165067315101624,0.4069088399410248,0.3367447939155106,unfavorable
Toulouse Métropole,me12_projet_caserne_niel-a4-bd.pdf,0.44267842173576355,0.5035343170166016,0.5165067315101624,0.4069088399410248,0.3367447939155106,unfavorable
Toulouse Métropole,calendrier_collecte_gratuite_automne_2025.pdf,0.2692713439464569,0.17317818105220795,0.18664249777793884,0.25063347816467285,0.33608592035690066,unfavorable
Toulouse Métropole,20220524_note_enjeux_plui-h_tm.pdf,0.5662031173706055,0.6093209981918335,0.6229171752929688,0.4751339256763458,0.33590940950273795,unfavorable
Toulouse Métropole,brochure_monoxyde_de_carbone.pdf,0.49908557534217834,0.5740419626235962,0.597515344619751,0.36815041303634644,0.3228204223773479,unfavorable
Toulouse Métropole,enquetes_sport2023.pdf,0.2050163894891739,0.2550632655620575,0.28070682287216187,0.3268728256225586,0.3199805160870724,unfavorable
Toulouse Métropole,eval_politique_cyclable_juin2019.pdf,0.42387473583221436,0.4914599657058716,0.5191125869750977,0.4551979601383209,0.3173632779002076,unfavorable
Toulouse Métropole,guide_fiches_territoriales_v3_1.pdf,0.5914039611816406,0.5428768992424011,0.570956289768219,0.5478385090827942,0.3168087959616839,unfavorable
Toulouse Métropole,memo_tri.pdf,0.4114462733268738,0.34747058153152466,0.37623685598373413,0.35470375418663025,0.3159174511842128,unfavorable
Toulouse Métropole,bilan_consultation_2021_1.pdf,0.5223608016967773,0.6395459771156311,0.6747956275939941,0.6137435436248779,0.3075713935612645,unfavorable
Toulouse Métropole,risques_majeurs_plan_familial_mise_en_surete.pdf,0.44896718859672546,0.4917529225349426,0.5303267240524292,0.4354591369628906,0.3033400822347025,unfavorable
Toulouse Métropole,organigramme_general_ccas_2025.pdf,0.23296886682510376,0.26067107915878296,0.3022952675819397,0.41548222303390503,0.2994863249448335,unfavorable
Toulouse Métropole,decret_2016_1106_instances_concertation_11_08_2016.pdf,0.45370346307754517,0.44781923294067383,0.4896088242530823,0.5726103782653809,0.2992781629181719,unfavorable
Toulouse Métropole,spaser_2021_2026.pdf,0.5237975120544434,0.5876883268356323,0.6298800706863403,0.5187573432922363,0.2987723938717062,unfavorable
Toulouse Métropole,cahier_1_pluih_bd_pap.pdf,0.5264890193939209,0.5784704685211182,0.6223407983779907,0.47675472497940063,0.2966666217228235,unfavorable
Toulouse Métropole,eval_stationnement.pdf,0.4302431344985962,0.41610753536224365,0.46021682024002075,0.40707457065582275,0.2963675532304193,unfavorable
Toulouse Métropole,bilan_concertation_2019_1.pdf,0.5508127212524414,0.5531662702560425,0.5972975492477417,0.5829024314880371,0.29634003486950455,unfavorable
Toulouse Métropole,2024_bilan_chiffres_de_population_1.pdf,0.32922208309173584,0.29026639461517334,0.3345501124858856,0.26485151052474976,0.2961493486773397,unfavorable
Toulouse Métropole,donnees_essentielles_2022_vt_vf_2.pdf,0.3543187379837036,0.2914782166481018,0.33977919816970825,0.4558371901512146,0.2911498867276094,unfavorable
Toulouse Métropole,pluih_tm_pac.pdf,0.5496727824211121,0.6406812071800232,0.6903954148292542,0.5596986413002014,0.28940300729632357,unfavorable
Toulouse Métropole,les_activites_de_mon_quartier_2025-2026_sept25.pdf,0.3448943495750427,0.31008613109588623,0.3598490357398987,0.4640766978263855,0.2893429240914216,unfavorable
Toulouse Métropole,livret_information_risques_majeurs_2016.pdf,0.4396222233772278,0.5036289691925049,0.5544158220291138,0.5264067649841309,0.2880812734435745,unfavorable
Toulouse Métropole,calendrier_operations_broyage_automne_2025_v3.pdf,0.29987797141075134,0.3303763270378113,0.38156723976135254,0.3275096118450165,0.28758431605504514,unfavorable
Toulouse Métropole,20230418_tm_deliberation_del_publication_internet.pdf,0.4882718622684479,0.5210661888122559,0.5750061273574829,0.512010395526886,0.2842168751347393,unfavorable
Toulouse Métropole,20221213_TM_DELIBERATION_DEL-22-1271.pdf,0.6039164066314697,0.5528109073638916,0.6078810095787048,0.5462557673454285,0.28283938898131356,unfavorable
Toulouse Métropole,organigramme_general_mairie_metropole_toulouse_2024-03-22.pdf,0.5566925406455994,0.3975347578525543,0.45496976375579834,0.4918755292892456,0.27997007817886915,unfavorable
Toulouse Métropole,202403-cr-rp_v4_def.pdf,0.48454946279525757,0.5466710925102234,0.6055377721786499,0.49566155672073364,0.27824171604028136,unfavorable
Toulouse Métropole,2021_lesusagesdesdemarches.pdf,0.3686552047729492,0.5143982768058777,0.5736557245254517,0.5362578630447388,0.27777110904972363,unfavorable
Toulouse Métropole,me11_teleservices-a4_bd.pdf,0.3686552047729492,0.5143982768058777,0.5736557245254517,0.5362578630447388,0.27777110904972363,unfavorable
Toulouse Métropole,note_enjeux_vnf_pluih_tm_vfinale.pdf,0.5146880745887756,0.5546358227729797,0.6141817569732666,0.5583057403564453,0.2774239955421431,unfavorable
Toulouse Métropole,2023_laccompagnementdesentreprises.pdf,0.5291700959205627,0.5114080309867859,0.5717549324035645,0.4373229742050171,0.27646165581164345,unfavorable
Toulouse Métropole,panneau-concertation-1.pdf,0.3718545734882355,0.41895779967308044,0.47999459505081177,0.41421520709991455,0.2756344229831542,unfavorable
Toulouse Métropole,plan_d_actions_avec_logos.pdf,0.40186572074890137,0.4921201467514038,0.5546389818191528,0.552547812461853,0.2738625447062479,unfavorable
Toulouse Métropole,charte_maitrise_infrastructures.pdf,0.43509817123413086,0.5872440338134766,0.6502516865730286,0.6662396192550659,0.2732796885506537,unfavorable
Toulouse Métropole,dicrim.pdf,0.42386478185653687,0.47049373388290405,0.5340321063995361,0.5770668387413025,0.272647746338458,unfavorable
Toulouse Métropole,eval_piscines_mars2019.pdf,0.3747822642326355,0.4814804792404175,0.546242356300354,0.4671787917613983,0.2711943724350226,unfavorable
Toulouse Métropole,2023_derogations_zfe-m_v4.pdf,0.3647606670856476,0.3783252239227295,0.45032262802124023,0.40161365270614624,0.2626995629829245,unfavorable
Toulouse Métropole,deliberations_du_conseil_dadministration_13_decembre2024.pdf,0.32798123359680176,0.3981315493583679,0.47434282302856445,0.5402683019638062,0.2578319580129935,unfavorable
Toulouse Métropole,2020_insertionetlemploi.pdf,0.3225245475769043,0.36892640590667725,0.44745320081710815,0.44587045907974243,0.25518240059884456,unfavorable
Toulouse Métropole,guide_a5_violences_lgbt_v6_bd_pap.pdf,0.25913429260253906,0.3728353977203369,0.4535904824733734,0.44714850187301636,0.2526496178280141,unfavorable
Toulouse Métropole,20230629_TM_DELIBERATION_DEL-23-0442.pdf,0.5443366765975952,0.5289703607559204,0.6104478240013123,0.46856218576431274,0.25183210809052603,unfavorable
Toulouse Métropole,2022_1004_pluih2_result_enquetevf.pdf,0.4849157929420471,0.49597299098968506,0.5814909934997559,0.485164999961853,0.247291912644595,unfavorable
Toulouse Métropole,eval_loisirs.pdf,0.37130457162857056,0.42738980054855347,0.5140783190727234,0.4498569369316101,0.24598696458978547,unfavorable
Toulouse Métropole,charte_participation_citoyenne.pdf,0.4943069815635681,0.49724793434143066,0.5851017236709595,0.5546982288360596,0.24469248057903176,unfavorable
Toulouse Métropole,recueiltarifs_sept2025.pdf,0.36519044637680054,0.5193371176719666,0.6117991209030151,0.576390266418457,0.23961853395343208,unfavorable
Toulouse Métropole,del-24-0319_arr_t_du_plui-h_retour_pr_fecture.pdf,0.46583133935928345,0.4991506338119507,0.5931661128997803,0.5365062952041626,0.23792438416830836,unfavorable
Toulouse Métropole,2022_0220_pluih2_avis_concert.pdf,0.35674992203712463,0.3421725332736969,0.4380062222480774,0.39785128831863403,0.23595201551536463,unfavorable
Toulouse Métropole,flyer_risques_majeurs.pdf,0.3741394281387329,0.39674368500709534,0.4930282235145569,0.46758192777633667,0.23546469259211436,unfavorable
Toulouse Métropole,le_contrat_local_de_sante_de_toulouse.pdf,0.4071430563926697,0.5001994371414185,0.596545934677124,0.5296199321746826,0.2353977755898581,unfavorable
Toulouse Métropole,20220524_annexe_note_enjeux_plui-h_tm.pdf,0.520805299282074,0.5890693664550781,0.6870938539505005,0.5102859735488892,0.23359052057084873,unfavorable
Toulouse Métropole,20220215_deliberation_del-22-0089_2.pdf,0.5319797992706299,0.5790688395500183,0.6771296262741089,0.515799880027771,0.23355153180130606,unfavorable
Toulouse Métropole,eval_politique_seniors.pdf,0.24707269668579102,0.3518980145454407,0.4531037211418152,0.38008731603622437,0.2301907861984721,unfavorable
Toulouse Métropole,1.pdf,0.3623048663139343,0.41813158988952637,0.5196343660354614,0.6064803600311279,0.22987508843387017,unfavorable
Toulouse Métropole,charte-maitrise-ouvrage-oeuvre-batiments-publics.pdf,0.46341508626937866,0.47452312707901,0.5769474506378174,0.6326559782028198,0.2288976875355699,unfavorable
Toulouse Métropole,nouveau_ri_faj_1_06_2024.pdf,0.32295888662338257,0.490028977394104,0.5925501585006714,0.5791786909103394,0.22879512949834763,unfavorable
Toulouse Métropole,rendez_vous_tap_automne_hiver_2025_2026.pdf,0.3293386697769165,0.3024832606315613,0.40661677718162537,0.4026791453361511,0.22709265007294185,unfavorable
Toulouse Métropole,telecharger_le_mode_d_emploi_du_plui-h_1.pdf,0.43141934275627136,0.4738251566886902,0.57908034324646,0.43178632855415344,0.22591355639074068,unfavorable
Toulouse Métropole,conventioncollective_ctmr_signee.pdf,0.25679874420166016,0.370176762342453,0.47863131761550903,0.49783867597579956,0.22257425963097513,unfavorable
Toulouse Métropole,20181220_deliberation_del-18-1203.pdf,0.4765944480895996,0.49292752146720886,0.6023987531661987,0.5264030694961548,0.22152052277185,unfavorable
Toulouse Métropole,10x21_seniors_securite_bd.pdf,0.293252170085907,0.32120373845100403,0.4345496892929077,0.37071046233177185,0.21753733717780654,unfavorable
Toulouse Métropole,velo_rapport-final_0.pdf,0.40641647577285767,0.3921346664428711,0.5056249499320984,0.5438538193702698,0.21738996788085557,unfavorable
Toulouse Métropole,20170425_DELIBERATION_DEL-17-0208.pdf,0.36800745129585266,0.4934678077697754,0.6141629219055176,0.5348854660987854,0.21012523710015485,unfavorable
Toulouse Métropole,pluih_2022_carnet_3-planche_bd_0.pdf,0.5328004360198975,0.5358503460884094,0.6580789089202881,0.6038861274719238,0.20860224672976987,unfavorable
Toulouse Métropole,presentation_police_municipale.pdf,0.29804056882858276,0.3340874910354614,0.4604034125804901,0.45017409324645996,0.20458254681007673,unfavorable
Toulouse Métropole,vf_bilan_concertation.pdf,0.3516806960105896,0.3513428568840027,0.4788135886192322,0.5707097053527832,0.20345733114640466,unfavorable
Toulouse Métropole,arrete_application_loi_abeille_dim_12_10_2016.pdf,0.34602081775665283,0.38535934686660767,0.5149601101875305,0.5572031736373901,0.2013939902602616,unfavorable
Toulouse Métropole,donnees_essentielles_2022_tm_vf.pdf,0.24165043234825134,0.23023900389671326,0.36071914434432983,0.476323664188385,0.20054672229258563,unfavorable
Toulouse Métropole,20230629_tm_deliberation_del-23-0565.pdf,0.34990015625953674,0.4695747196674347,0.6042643189430237,0.5779126882553101,0.1965279726158607,unfavorable
Toulouse Métropole,decret_2016_1211_info_locale_09_09_2016.pdf,0.36019647121429443,0.38200753927230835,0.5173310041427612,0.6132278442382812,0.19592812341422722,unfavorable
Toulouse Métropole,2025-guidesenior_v2_web_1.pdf,0.31426742672920227,0.31916186213493347,0.4570971727371216,0.47851866483688354,0.19347105628536312,unfavorable
Toulouse Métropole,deliberation_ctmr.pdf,0.33585602045059204,0.4006126821041107,0.5403181910514832,0.620717465877533,0.19181911945969865,unfavorable
Toulouse Métropole,eval_accueilperiextrasco.pdf,0.260743111371994,0.4341391921043396,0.5768852233886719,0.49600738286972046,0.1890068748659372,unfavorable
Toulouse Métropole,ccas_conseil_adm_23_avril_2024.pdf,0.27873438596725464,0.27464544773101807,0.4181300103664398,0.5413433313369751,0.18832858367782854,unfavorable
Toulouse Métropole,ppbe_3et4e_echeance.pdf,0.42751798033714294,0.4254007339477539,0.5756069421768188,0.504855751991272,0.182241064952726,unfavorable
Toulouse Métropole,projet_ppbe_3et4e_v3.pdf,0.42751798033714294,0.4254007339477539,0.5756069421768188,0.504855751991272,0.182241064952726,unfavorable
Toulouse Métropole,arrete_mad_ctmr_grille_2024.pdf,0.2220296561717987,0.19248440861701965,0.3434797525405884,0.44646796584129333,0.18153650045931705,unfavorable
Toulouse Métropole,faq_bruit_atb_site_internet.pdf,0.3637075126171112,0.37419676780700684,0.5269755125045776,0.4651370644569397,0.17995203811469423,unfavorable
Toulouse Métropole,b_rations_du_conseil_d_administration_du_16_janvier_2024.pdf,0.37579160928726196,0.4637089669704437,0.6167023181915283,0.5781948566436768,0.1797621004060633,unfavorable
Toulouse Métropole,eval_demo_participative.pdf,0.32105132937431335,0.3740518093109131,0.5283650755882263,0.5450868606567383,0.1785973499040883,unfavorable
Toulouse Métropole,ete_2025_rdv_seniors_pap_1.pdf,0.2931852340698242,0.3932687044143677,0.5475967526435852,0.5067237615585327,0.17858433917106561,unfavorable
Toulouse Métropole,synthese_consultation_du_public.pdf,0.46925458312034607,0.5574349164962769,0.7147723436355591,0.5870964527130127,0.17595098320133323,unfavorable
Toulouse Métropole,engagements_elus_deontologie_vt_2019.pdf,0.2845689356327057,0.4043845534324646,0.5722754001617432,0.6255466938018799,0.16695754059648704,unfavorable
Toulouse Métropole,lecture_publique.pdf,0.20605941116809845,0.2687920928001404,0.43756115436553955,0.41228705644607544,0.16622595908923318,unfavorable
Toulouse Métropole,_lib_rations_de_conseil_d_adminsitration_du_21_juin_2024.pdf,0.3293305039405823,0.3851037621498108,0.5609614253044128,0.6321620941162109,0.16041466813560507,unfavorable
Toulouse Métropole,deliberations_de_conseil_d_administration_du_8_mars_2024.pdf,0.3165016174316406,0.38385146856307983,0.5683810114860535,0.5804831981658936,0.1535301969768672,unfavorable
Toulouse Métropole,guide_monoxyde_2021.pdf,0.4874286949634552,0.4557902216911316,0.6415585875511169,0.281288206577301,0.15256670794583896,unfavorable
Toulouse Métropole,eval_projet_educatif_territoire.pdf,0.2567804455757141,0.2985575795173645,0.48827266693115234,0.501190721988678,0.14953019988290725,unfavorable
Toulouse Métropole,automne_2025_rdv_relecture_finale_1.pdf,0.3211662173271179,0.39391955733299255,0.5843466520309448,0.5267865061759949,0.1489877331763257,unfavorable
Toulouse Métropole,automne_2025_rdv_relecture_finale_1_0.pdf,0.3211662173271179,0.39391955733299255,0.5843466520309448,0.5267865061759949,0.1489877331763257,unfavorable
Toulouse Métropole,resultats_enquete_participants_plie_avril2020.pdf,0.31825757026672363,0.3998221158981323,0.5941739678382874,0.5703723430633545,0.14602661711263504,unfavorable
Toulouse Métropole,berations_du_conseil_d_administration_du_13_octobre_2023.pdf,0.3624243140220642,0.4779800474643707,0.6776388883590698,0.6040129661560059,0.14210042205772536,unfavorable
Toulouse Métropole,eval_handicap_accessibilite_avril2018.pdf,0.26816830039024353,0.30645835399627686,0.5074425339698792,0.4761364758014679,0.14113376253276733,unfavorable
Toulouse Métropole,_rations_du_conseil_d_adminitration_du_17_septembre_2024.pdf,0.34667831659317017,0.40189868211746216,0.6080968976020813,0.5674651861190796,0.13738404918464978,unfavorable
Toulouse Métropole,berations_du_conseil_d_adminsitration_du_8_d_cembre_2023.pdf,0.3023754358291626,0.4287751317024231,0.6565120220184326,0.6565229296684265,0.1227737896674341,unfavorable
Toulouse Métropole,faq_annulation_pluih_10_06_21.pdf,0.46807077527046204,0.44628438353538513,0.6801807880401611,0.5366648435592651,0.11884866494231724,unfavorable
Toulouse Métropole,charte_deontologie_elus_vt_2015.pdf,0.32226407527923584,0.38824462890625,0.6389398574829102,0.6072767376899719,0.10869204659130932,unfavorable
